,depth,id,remodel,unchanged,resorp,quad,bone_type,load,posi,rad_loc,depth_val
2,0-5,AnteriorCortical_STD_75,0.010209758125000001,0.07012060703125,0.04466963453125,Anterior,Cortical,75,STD,0,0
6,0-5,AnteriorCortical_STD_45,0.0095606075,0.06796822359375,0.0474711690625,Anterior,Cortical,45,STD,0,0
10,0-5,AnteriorTrabecular_STD_75,0.04091767953125,0.052261705625,0.031820614843750004,Anterior,Trabecular,75,STD,0,0
14,0-5,AnteriorTrabecular_STD_45,0.040924414218749997,0.053341116562500006,0.03073446921875,Anterior,Trabecular,45,STD,0,0
18,0-5,AnteriorCortical_SUP_75,0.0217824046875,0.04834781734375,0.054869777812500006,Anterior,Cortical,75,SUP,0,0
22,0-5,AnteriorCortical_SUP_45,0.02042654578125,0.053714970937499995,0.0508584834375,Anterior,Cortical,45,SUP,0,0
26,0-5,AnteriorTrabecular_SUP_75,0.05555387859375,0.0355004846875,0.033945637031249996,Anterior,Trabecular,75,SUP,0,0
30,0-5,AnteriorTrabecular_SUP_45,0.056216064375,0.036244432968750004,0.032539502812499996,Anterior,Trabecular,45,SUP,0,0
34,0-5,AnteriorCortical_INF_75,0.02362569015625,0.03076185640625,0.0706124534375,Anterior,Cortical,75,INF,0,0
38,0-5,AnteriorCortical_INF_45,0.023728934062500002,0.03132669984375,0.0699443665625,Anterior,Cortical,45,INF,0,0
42,0-5,AnteriorTrabecular_INF_75,0.04059478140625,0.0376827953125,0.04672242328125,Anterior,Trabecular,75,INF,0,0
46,0-5,AnteriorTrabecular_INF_45,0.04271955734375,0.0365235821875,0.04575686078125,Anterior,Trabecular,45,INF,0,0
50,5-10,AnteriorCortical_STD_75,0.010900506406250001,0.09288905359375,0.02121044,Anterior,Cortical,75,STD,0,5
54,5-10,AnteriorCortical_STD_45,0.01049154453125,0.09062907703125,0.023879378124999996,Anterior,Cortical,45,STD,0,5
58,5-10,AnteriorTrabecular_STD_75,0.04627826296875,0.0662854953125,0.01243624140625,Anterior,Trabecular,75,STD,0,5
62,5-10,AnteriorTrabecular_STD_45,0.046685219374999996,0.0663074778125,0.012007302656249998,Anterior,Trabecular,45,STD,0,5
66,5-10,AnteriorCortical_SUP_75,0.038762025,0.070863580625,0.0153743946875,Anterior,Cortical,75,SUP,0,5
70,5-10,AnteriorCortical_SUP_45,0.03946181625,0.0712186759375,0.014319507812499998,Anterior,Cortical,45,SUP,0,5
74,5-10,AnteriorTrabecular_SUP_75,0.07376863015625,0.042045707968750005,0.00918566171875,Anterior,Trabecular,75,SUP,0,5
78,5-10,AnteriorTrabecular_SUP_45,0.074481620625,0.04292395390625,0.007594425312500001,Anterior,Trabecular,45,SUP,0,5
82,5-10,AnteriorCortical_INF_75,0.0312945778125,0.040419445312499996,0.0532859771875,Anterior,Cortical,75,INF,0,5
86,5-10,AnteriorCortical_INF_45,0.030151505312499997,0.04239508625,0.05245340859375,Anterior,Cortical,45,INF,0,5
90,5-10,AnteriorTrabecular_INF_75,0.03689412109375,0.04706921546875,0.041036663437499996,Anterior,Trabecular,75,INF,0,5
94,5-10,AnteriorTrabecular_INF_45,0.038532738593750004,0.04696078234375001,0.03950647890625,Anterior,Trabecular,45,INF,0,5
98,10-15,AnteriorCortical_STD_75,0.03308760859375,0.08980019453124999,0.002112196875,Anterior,Cortical,75,STD,0,10
102,10-15,AnteriorCortical_STD_45,0.0331820821875,0.08917987421875001,0.00263804328125,Anterior,Cortical,45,STD,0,10
106,10-15,AnteriorTrabecular_STD_75,0.039556236875000005,0.08145362109375,0.0039901421875,Anterior,Trabecular,75,STD,0,10
110,10-15,AnteriorTrabecular_STD_45,0.039688541875,0.08150753875,0.0038039195312499995,Anterior,Trabecular,45,STD,0,10
114,10-15,AnteriorCortical_SUP_75,0.080045210625,0.04456392328125,0.00039086609374999997,Anterior,Cortical,75,SUP,0,10
118,10-15,AnteriorCortical_SUP_45,0.08105760437500001,0.043514605,0.000427790625,Anterior,Cortical,45,SUP,0,10
122,10-15,AnteriorTrabecular_SUP_75,0.07529593828125,0.04685714875000001,0.0028469128125,Anterior,Trabecular,75,SUP,0,10
126,10-15,AnteriorTrabecular_SUP_45,0.07804564109374999,0.0443087921875,0.002645566875,Anterior,Trabecular,45,SUP,0,10
130,10-15,AnteriorCortical_INF_75,0.06033476,0.055709495625,0.008955744375,Anterior,Cortical,75,INF,0,10
134,10-15,AnteriorCortical_INF_45,0.0610703390625,0.05630541109375001,0.00762425015625,Anterior,Cortical,45,INF,0,10
138,10-15,AnteriorTrabecular_INF_75,0.0486851265625,0.04770839609375,0.028606477343750002,Anterior,Trabecular,75,INF,0,10
142,10-15,AnteriorTrabecular_INF_45,0.049845065625000004,0.048396466406250005,0.02675846765625,Anterior,Trabecular,45,INF,0,10
146,15-20,AnteriorCortical_STD_75,0.030256605625,0.09426192859375,0.00048146578125,Anterior,Cortical,75,STD,0,15
150,15-20,AnteriorCortical_STD_45,0.031782036875,0.0924382740625,0.0007796890625000002,Anterior,Cortical,45,STD,0,15
154,15-20,AnteriorTrabecular_STD_75,0.028538539374999998,0.09083628484375,0.00562517578125,Anterior,Trabecular,75,STD,0,15
158,15-20,AnteriorTrabecular_STD_45,0.02785569,0.09186768187500001,0.0052766278125,Anterior,Trabecular,45,STD,0,15
162,15-20,AnteriorCortical_SUP_75,0.06582435,0.059116052031250005,5.9597968750000004e-05,Anterior,Cortical,75,SUP,0,15
166,15-20,AnteriorCortical_SUP_45,0.065754546875,0.05922033015625,2.5122968750000003e-05,Anterior,Cortical,45,SUP,0,15
170,15-20,AnteriorTrabecular_SUP_75,0.06399219734375,0.05746232156250001,0.00354548125,Anterior,Trabecular,75,SUP,0,15
174,15-20,AnteriorTrabecular_SUP_45,0.06724717687500001,0.05432599328125,0.00342683,Anterior,Trabecular,45,SUP,0,15
178,15-20,AnteriorCortical_INF_75,0.0807357121875,0.0436107071875,0.0006535806250000001,Anterior,Cortical,75,INF,0,15
182,15-20,AnteriorCortical_INF_45,0.08261505078124999,0.04206178515625,0.0003231640625,Anterior,Cortical,45,INF,0,15
186,15-20,AnteriorTrabecular_INF_75,0.06308528468749999,0.047946284375,0.01396843125,Anterior,Trabecular,75,INF,0,15
190,15-20,AnteriorTrabecular_INF_45,0.0628678371875,0.04988987578125,0.01224228671875,Anterior,Trabecular,45,INF,0,15
194,20-25,AnteriorCortical_STD_75,0.0145553609375,0.11042313312499999,2.1505937500000003e-05,Anterior,Cortical,75,STD,0,20
198,20-25,AnteriorCortical_STD_45,0.01605277609375,0.10892571796875,2.1505937500000003e-05,Anterior,Cortical,45,STD,0,20
202,20-25,AnteriorTrabecular_STD_75,0.03730939484375,0.08329939890624999,0.00439120609375,Anterior,Trabecular,75,STD,0,20
206,20-25,AnteriorTrabecular_STD_45,0.0392432371875,0.0813416109375,0.004415151875,Anterior,Trabecular,45,STD,0,20
210,20-25,AnteriorCortical_SUP_75,0.0393273346875,0.08564122125000001,3.14440625e-05,Anterior,Cortical,75,SUP,0,20
214,20-25,AnteriorCortical_SUP_45,0.040427285781249996,0.08454127015625,3.14440625e-05,Anterior,Cortical,45,SUP,0,20
218,20-25,AnteriorTrabecular_SUP_75,0.06122325015625,0.060491410781250005,0.00328533890625,Anterior,Trabecular,75,SUP,0,20
222,20-25,AnteriorTrabecular_SUP_45,0.0630745159375,0.058324111406250004,0.00360137265625,Anterior,Trabecular,45,SUP,0,20
226,20-25,AnteriorCortical_INF_75,0.047086666875,0.07685414984375,0.0010591832812499999,Anterior,Cortical,75,INF,0,20
230,20-25,AnteriorCortical_INF_45,0.05415532,0.06990274171875,0.0009419384375000001,Anterior,Cortical,45,INF,0,20
234,20-25,AnteriorTrabecular_INF_75,0.080447720625,0.04145246515625,0.0030998145312500004,Anterior,Trabecular,75,INF,0,20
238,20-25,AnteriorTrabecular_INF_45,0.07931463890625,0.0429821665625,0.0027031946875,Anterior,Trabecular,45,INF,0,20
242,25-30,AnteriorCortical_STD_75,0.0038943740625000003,0.1211056259375,0.0,Anterior,Cortical,75,STD,0,25
246,25-30,AnteriorCortical_STD_45,0.00556472609375,0.11943527390625,0.0,Anterior,Cortical,45,STD,0,25
250,25-30,AnteriorTrabecular_STD_75,0.0595779825,0.0646016784375,0.0008203390625,Anterior,Trabecular,75,STD,0,25
254,25-30,AnteriorTrabecular_STD_45,0.0608236559375,0.06296725,0.00120909421875,Anterior,Trabecular,45,STD,0,25
258,25-30,AnteriorCortical_SUP_75,0.01596463421875,0.10903536578124999,0.0,Anterior,Cortical,75,SUP,0,25
262,25-30,AnteriorCortical_SUP_45,0.01633299609375,0.10866700390625,0.0,Anterior,Cortical,45,SUP,0,25
266,25-30,AnteriorTrabecular_SUP_75,0.06875936140625,0.05169806546875,0.00454257328125,Anterior,Trabecular,75,SUP,0,25
270,25-30,AnteriorTrabecular_SUP_45,0.069793199375,0.05021545953125,0.00499134140625,Anterior,Trabecular,45,SUP,0,25
274,25-30,AnteriorCortical_INF_75,0.00832517765625,0.11631239390625,0.00036242828125,Anterior,Cortical,75,INF,0,25
278,25-30,AnteriorCortical_INF_45,0.01263559859375,0.11224520359375,0.0001191978125,Anterior,Cortical,45,INF,0,25
282,25-30,AnteriorTrabecular_INF_75,0.08611591781250001,0.038218144375,0.0006659375000000001,Anterior,Trabecular,75,INF,0,25
286,25-30,AnteriorTrabecular_INF_45,0.08649203984375001,0.03786837296875,0.0006395871875000001,Anterior,Trabecular,45,INF,0,25
290,30-35,AnteriorCortical_STD_75,8.07975e-05,0.1249192025,0.0,Anterior,Cortical,75,STD,0,30
294,30-35,AnteriorCortical_STD_45,0.0001533,0.12484669999999999,0.0,Anterior,Cortical,45,STD,0,30
298,30-35,AnteriorTrabecular_STD_75,0.06774860406250001,0.056663773281249996,0.00058762265625,Anterior,Trabecular,75,STD,0,30
302,30-35,AnteriorTrabecular_STD_45,0.06702860296875,0.057247755312499995,0.0007236415624999999,Anterior,Trabecular,45,STD,0,30
306,30-35,AnteriorCortical_SUP_75,0.001612955625,0.123387044375,0.0,Anterior,Cortical,75,SUP,0,30
310,30-35,AnteriorCortical_SUP_45,0.0021548754687500003,0.12284512453125,0.0,Anterior,Cortical,45,SUP,0,30
314,30-35,AnteriorTrabecular_SUP_75,0.0660487625,0.05346946125000001,0.005481776093750001,Anterior,Trabecular,75,SUP,0,30
318,30-35,AnteriorTrabecular_SUP_45,0.06573828703125,0.053757794843750005,0.005503917968750001,Anterior,Trabecular,45,SUP,0,30
322,30-35,AnteriorCortical_INF_75,0.001153999375,0.12384600062500001,0.0,Anterior,Cortical,75,INF,0,30
326,30-35,AnteriorCortical_INF_45,0.0017082764062500001,0.12329172359375001,0.0,Anterior,Cortical,45,INF,0,30
330,30-35,AnteriorTrabecular_INF_75,0.08149878875000001,0.042322922187499994,0.00117828890625,Anterior,Trabecular,75,INF,0,30
334,30-35,AnteriorTrabecular_INF_45,0.08081930359375,0.042882818437500005,0.0012978781249999999,Anterior,Trabecular,45,INF,0,30
338,35-40,AnteriorCortical_STD_75,4.686984375e-05,0.12495313015625,0.0,Anterior,Cortical,75,STD,0,35
342,35-40,AnteriorCortical_STD_45,0.00014058343750000002,0.1248594165625,0.0,Anterior,Cortical,45,STD,0,35
346,35-40,AnteriorTrabecular_STD_75,0.06059646187500001,0.05862251125,0.0057810267187499995,Anterior,Trabecular,75,STD,0,35
350,35-40,AnteriorTrabecular_STD_45,0.05915026375,0.0601561559375,0.00569358015625,Anterior,Trabecular,45,STD,0,35
354,35-40,AnteriorCortical_SUP_75,0.00045212750000000004,0.1245478725,0.0,Anterior,Cortical,75,SUP,0,35
358,35-40,AnteriorCortical_SUP_45,0.00061083078125,0.12438916921875,0.0,Anterior,Cortical,45,SUP,0,35
362,35-40,AnteriorTrabecular_SUP_75,0.05742777734375,0.0593675715625,0.0082046509375,Anterior,Trabecular,75,SUP,0,35
366,35-40,AnteriorTrabecular_SUP_45,0.056342099531249995,0.0598929478125,0.00876495265625,Anterior,Trabecular,45,SUP,0,35
370,35-40,AnteriorCortical_INF_75,0.0,0.125,0.0,Anterior,Cortical,75,INF,0,35
374,35-40,AnteriorCortical_INF_45,0.0,0.125,0.0,Anterior,Cortical,45,INF,0,35
378,35-40,AnteriorTrabecular_INF_75,0.07281160453125,0.04766281,0.00452558515625,Anterior,Trabecular,75,INF,0,35
382,35-40,AnteriorTrabecular_INF_45,0.07198357093749999,0.04800262875,0.0050138003124999995,Anterior,Trabecular,45,INF,0,35
1,0-5,LateralCortical_STD_75,0.00121934921875,0.01227997375,0.11150067703125,Lateral,Cortical,75,STD,90,0
5,0-5,LateralCortical_STD_45,0.00220233796875,0.013208717968749999,0.1095889440625,Lateral,Cortical,45,STD,90,0
9,0-5,LateralTrabecular_STD_75,0.0557478634375,0.03002754640625,0.03922459015625,Lateral,Trabecular,75,STD,90,0
13,0-5,LateralTrabecular_STD_45,0.05620730937500001,0.030685395625,0.03810729484375,Lateral,Trabecular,45,STD,90,0
17,0-5,LateralCortical_SUP_75,0.00117238,0.008051381875,0.11577623828125001,Lateral,Cortical,75,SUP,90,0
21,0-5,LateralCortical_SUP_45,0.00125472515625,0.011149413125,0.11259586171875001,Lateral,Cortical,45,SUP,90,0
25,0-5,LateralTrabecular_SUP_75,0.0477171303125,0.0327020309375,0.04458083875,Lateral,Trabecular,75,SUP,90,0
29,0-5,LateralTrabecular_SUP_45,0.048526043593750005,0.03341915578125,0.0430548003125,Lateral,Trabecular,45,SUP,90,0
33,0-5,LateralCortical_INF_75,0.0,0.0,0.125,Lateral,Cortical,75,INF,90,0
37,0-5,LateralCortical_INF_45,0.0,6.69725e-05,0.1249330275,Lateral,Cortical,45,INF,90,0
41,0-5,LateralTrabecular_INF_75,0.01856969515625,0.03094530921875,0.07548499578125,Lateral,Trabecular,75,INF,90,0
45,0-5,LateralTrabecular_INF_45,0.020846294687500003,0.03211100296875,0.07204270265625,Lateral,Trabecular,45,INF,90,0
49,5-10,LateralCortical_STD_75,0.00245796609375,0.024351115937500004,0.098190918125,Lateral,Cortical,75,STD,90,5
53,5-10,LateralCortical_STD_45,0.0014890509375,0.026429404531250002,0.09708154453125,Lateral,Cortical,45,STD,90,5
57,5-10,LateralTrabecular_STD_75,0.05127289171875,0.05736567453125,0.01636143375,Lateral,Trabecular,75,STD,90,5
61,5-10,LateralTrabecular_STD_45,0.0525952228125,0.054411629843749997,0.017993146875,Lateral,Trabecular,45,STD,90,5
65,5-10,LateralCortical_SUP_75,0.00336893421875,0.011443292812500002,0.11018777296875001,Lateral,Cortical,75,SUP,90,5
69,5-10,LateralCortical_SUP_45,0.0028825957812500004,0.01203357015625,0.1100838340625,Lateral,Cortical,45,SUP,90,5
73,5-10,LateralTrabecular_SUP_75,0.04411720609375,0.06053769640625,0.020345097500000003,Lateral,Trabecular,75,SUP,90,5
77,5-10,LateralTrabecular_SUP_45,0.04480031140625,0.058046195781250004,0.02215349265625,Lateral,Trabecular,45,SUP,90,5
81,5-10,LateralCortical_INF_75,0.0012758675,0.00290869921875,0.12081543328125001,Lateral,Cortical,75,INF,90,5
85,5-10,LateralCortical_INF_45,0.00110750359375,0.0028641853125000007,0.12102831109375001,Lateral,Cortical,45,INF,90,5
89,5-10,LateralTrabecular_INF_75,0.02238033296875,0.03300313046875,0.0696165365625,Lateral,Trabecular,75,INF,90,5
93,5-10,LateralTrabecular_INF_45,0.024658440156250003,0.03375275890625,0.06658880109375001,Lateral,Trabecular,45,INF,90,5
97,10-15,LateralCortical_STD_75,0.00448739140625,0.043944471562500004,0.07656813703125,Lateral,Cortical,75,STD,90,10
101,10-15,LateralCortical_STD_45,0.0025270246874999997,0.04507309640625,0.07739987921875001,Lateral,Cortical,45,STD,90,10
105,10-15,LateralTrabecular_STD_75,0.02755521609375,0.07942132562500001,0.018023458125,Lateral,Trabecular,75,STD,90,10
109,10-15,LateralTrabecular_STD_45,0.02804854734375,0.0765894803125,0.020361972656249998,Lateral,Trabecular,45,STD,90,10
113,10-15,LateralCortical_SUP_75,0.00676342171875,0.018829047968750002,0.0994075303125,Lateral,Cortical,75,SUP,90,10
117,10-15,LateralCortical_SUP_45,0.007207177968750001,0.0204195615625,0.097373260625,Lateral,Cortical,45,SUP,90,10
121,10-15,LateralTrabecular_SUP_75,0.0248221328125,0.0789375440625,0.021240323281249997,Lateral,Trabecular,75,SUP,90,10
125,10-15,LateralTrabecular_SUP_45,0.0237440534375,0.07812616953125,0.02312977734375,Lateral,Trabecular,45,SUP,90,10
129,10-15,LateralCortical_INF_75,0.003007885,0.00538133171875,0.11661078328125,Lateral,Cortical,75,INF,90,10
133,10-15,LateralCortical_INF_45,0.0024752696875,0.0070166379687499995,0.1155080925,Lateral,Cortical,45,INF,90,10
137,10-15,LateralTrabecular_INF_75,0.016763348125,0.02444294984375,0.083793701875,Lateral,Trabecular,75,INF,90,10
141,10-15,LateralTrabecular_INF_45,0.01671477109375,0.026906240625,0.0813789884375,Lateral,Trabecular,45,INF,90,10
145,15-20,LateralCortical_STD_75,0.00616765890625,0.057742788593750004,0.061089552656250004,Lateral,Cortical,75,STD,90,15
149,15-20,LateralCortical_STD_45,0.00477342390625,0.05017147921875,0.07005509671875,Lateral,Cortical,45,STD,90,15
153,15-20,LateralTrabecular_STD_75,0.013063185,0.09383792312500001,0.018098891718750003,Lateral,Trabecular,75,STD,90,15
157,15-20,LateralTrabecular_STD_45,0.0115132178125,0.09254552859375,0.02094125375,Lateral,Trabecular,45,STD,90,15
161,15-20,LateralCortical_SUP_75,0.00960230375,0.02893963484375,0.08645806140625,Lateral,Cortical,75,SUP,90,15
165,15-20,LateralCortical_SUP_45,0.010776572343750002,0.030688757656250003,0.08353467,Lateral,Cortical,45,SUP,90,15
169,15-20,LateralTrabecular_SUP_75,0.018629033906250002,0.08501160296875,0.021359362968750004,Lateral,Trabecular,75,SUP,90,15
173,15-20,LateralTrabecular_SUP_45,0.017505295,0.0861976715625,0.021297033437499998,Lateral,Trabecular,45,SUP,90,15
177,15-20,LateralCortical_INF_75,0.00690129125,0.00911285328125,0.10898585562499999,Lateral,Cortical,75,INF,90,15
181,15-20,LateralCortical_INF_45,0.0063575834375,0.010463928124999999,0.1081784884375,Lateral,Cortical,45,INF,90,15
185,15-20,LateralTrabecular_INF_75,0.021988108906249998,0.027408691406249998,0.07560319953125,Lateral,Trabecular,75,INF,90,15
189,15-20,LateralTrabecular_INF_45,0.021301398750000002,0.030858900624999998,0.0728397003125,Lateral,Trabecular,45,INF,90,15
193,20-25,LateralCortical_STD_75,0.00306545890625,0.07903386046875001,0.042900680625,Lateral,Cortical,75,STD,90,20
197,20-25,LateralCortical_STD_45,0.002004869375,0.075637434375,0.04735769625,Lateral,Cortical,45,STD,90,20
201,20-25,LateralTrabecular_STD_75,0.01017419359375,0.1081578428125,0.00666796375,Lateral,Trabecular,75,STD,90,20
205,20-25,LateralTrabecular_STD_45,0.0125986771875,0.10347299562500001,0.00892832734375,Lateral,Trabecular,45,STD,90,20
209,20-25,LateralCortical_SUP_75,0.0065777875,0.06037743734375,0.058044775,Lateral,Cortical,75,SUP,90,20
213,20-25,LateralCortical_SUP_45,0.00695935828125,0.062121774687500006,0.0559188671875,Lateral,Cortical,45,SUP,90,20
217,20-25,LateralTrabecular_SUP_75,0.030861421875000003,0.08552233046874999,0.008616247656250001,Lateral,Trabecular,75,SUP,90,20
221,20-25,LateralTrabecular_SUP_45,0.031632084375,0.0839613734375,0.00940654234375,Lateral,Trabecular,45,SUP,90,20
225,20-25,LateralCortical_INF_75,0.00551473625,0.020588330625,0.09889693296875,Lateral,Cortical,75,INF,90,20
229,20-25,LateralCortical_INF_45,0.004706518125,0.019868559218749998,0.10042492265625001,Lateral,Cortical,45,INF,90,20
233,20-25,LateralTrabecular_INF_75,0.042860899531249996,0.03686818234375,0.045270917968750005,Lateral,Trabecular,75,INF,90,20
237,20-25,LateralTrabecular_INF_45,0.0433320203125,0.03933295421875,0.042335025156250004,Lateral,Trabecular,45,INF,90,20
241,25-30,LateralCortical_STD_75,0.0,0.11949475749999999,0.005505242499999999,Lateral,Cortical,75,STD,90,25
245,25-30,LateralCortical_STD_45,6.162203125e-05,0.11686771671875,0.00807066125,Lateral,Cortical,45,STD,90,25
249,25-30,LateralTrabecular_STD_75,0.01647017328125,0.10658693281250001,0.0019428934375000002,Lateral,Trabecular,75,STD,90,25
253,25-30,LateralTrabecular_STD_45,0.020461640937499997,0.1022564446875,0.00228191421875,Lateral,Trabecular,45,STD,90,25
257,25-30,LateralCortical_SUP_75,0.00147642453125,0.11425412187500002,0.009269453593750001,Lateral,Cortical,75,SUP,90,25
261,25-30,LateralCortical_SUP_45,0.00185597328125,0.1087451534375,0.014398873125000001,Lateral,Cortical,45,SUP,90,25
265,25-30,LateralTrabecular_SUP_75,0.044727869218749994,0.07907798671874999,0.00119414375,Lateral,Trabecular,75,SUP,90,25
269,25-30,LateralTrabecular_SUP_45,0.04863618609375,0.0748157703125,0.0015480434375000002,Lateral,Trabecular,45,SUP,90,25
273,25-30,LateralCortical_INF_75,0.0007209499999999999,0.06546585218749999,0.0588131978125,Lateral,Cortical,75,INF,90,25
277,25-30,LateralCortical_INF_45,0.000312721875,0.0695415121875,0.0551457659375,Lateral,Cortical,45,INF,90,25
281,25-30,LateralTrabecular_INF_75,0.06256894578125001,0.05258028546875,0.00985076890625,Lateral,Trabecular,75,INF,90,25
285,25-30,LateralTrabecular_INF_45,0.0648579965625,0.05164692765625001,0.00849507578125,Lateral,Trabecular,45,INF,90,25
289,30-35,LateralCortical_STD_75,0.0,0.125,0.0,Lateral,Cortical,75,STD,90,30
293,30-35,LateralCortical_STD_45,0.0,0.125,0.0,Lateral,Cortical,45,STD,90,30
297,30-35,LateralTrabecular_STD_75,0.026162013124999998,0.09370229109375,0.00513569546875,Lateral,Trabecular,75,STD,90,30
301,30-35,LateralTrabecular_STD_45,0.02897669953125,0.0908121871875,0.005211113281250001,Lateral,Trabecular,45,STD,90,30
305,30-35,LateralCortical_SUP_75,0.0,0.125,0.0,Lateral,Cortical,75,SUP,90,30
309,30-35,LateralCortical_SUP_45,0.0,0.12476989421875001,0.00023010578125,Lateral,Cortical,45,SUP,90,30
313,30-35,LateralTrabecular_SUP_75,0.050215716875,0.07046891046874999,0.004315372343749999,Lateral,Trabecular,75,SUP,90,30
317,30-35,LateralTrabecular_SUP_45,0.0531859028125,0.068115066875,0.003699030625,Lateral,Trabecular,45,SUP,90,30
321,30-35,LateralCortical_INF_75,0.0,0.10857310828125,0.01642689171875,Lateral,Cortical,75,INF,90,30
325,30-35,LateralCortical_INF_45,0.0,0.10836600859375001,0.01663399140625,Lateral,Cortical,45,INF,90,30
329,30-35,LateralTrabecular_INF_75,0.04891873828125,0.07121349125,0.004867770625,Lateral,Trabecular,75,INF,90,30
333,30-35,LateralTrabecular_INF_45,0.05172598078125,0.06856011375,0.00471390515625,Lateral,Trabecular,45,INF,90,30
337,35-40,LateralCortical_STD_75,0.0,0.125,0.0,Lateral,Cortical,75,STD,90,35
341,35-40,LateralCortical_STD_45,0.0,0.125,0.0,Lateral,Cortical,45,STD,90,35
345,35-40,LateralTrabecular_STD_75,0.037208082343750004,0.07257050421875,0.01522141328125,Lateral,Trabecular,75,STD,90,35
349,35-40,LateralTrabecular_STD_45,0.040098094843749994,0.06962632921875,0.01527557578125,Lateral,Trabecular,45,STD,90,35
353,35-40,LateralCortical_SUP_75,0.0,0.125,0.0,Lateral,Cortical,75,SUP,90,35
357,35-40,LateralCortical_SUP_45,0.0,0.125,0.0,Lateral,Cortical,45,SUP,90,35
361,35-40,LateralTrabecular_SUP_75,0.06592594828125,0.04886207578125,0.0102119759375,Lateral,Trabecular,75,SUP,90,35
365,35-40,LateralTrabecular_SUP_45,0.06606038593750001,0.0490950125,0.0098446015625,Lateral,Trabecular,45,SUP,90,35
369,35-40,LateralCortical_INF_75,0.0,0.12422872015625,0.00077127984375,Lateral,Cortical,75,INF,90,35
373,35-40,LateralCortical_INF_45,0.0,0.12444217171875,0.0005578282812500001,Lateral,Cortical,45,INF,90,35
377,35-40,LateralTrabecular_INF_75,0.0484073515625,0.06532816796875,0.011264480625,Lateral,Trabecular,75,INF,90,35
381,35-40,LateralTrabecular_INF_45,0.0496887315625,0.0638114421875,0.0114998259375,Lateral,Trabecular,45,INF,90,35
3,0-5,PosteriorCortical_STD_75,0.0165780828125,0.044891404375,0.0635305128125,Posterior,Cortical,75,STD,180,0
7,0-5,PosteriorCortical_STD_45,0.01507944765625,0.045730872343750006,0.06418967953125,Posterior,Cortical,45,STD,180,0
11,0-5,PosteriorTrabecular_STD_75,0.04447801625,0.040600952343749996,0.0399210315625,Posterior,Trabecular,75,STD,180,0
15,0-5,PosteriorTrabecular_STD_45,0.045795084062500005,0.04016408546875,0.0390408303125,Posterior,Trabecular,45,STD,180,0
19,0-5,PosteriorCortical_SUP_75,0.0215902475,0.031268705,0.0721410471875,Posterior,Cortical,75,SUP,180,0
23,0-5,PosteriorCortical_SUP_45,0.01941588390625,0.03044001640625,0.07514409968750001,Posterior,Cortical,45,SUP,180,0
27,0-5,PosteriorTrabecular_SUP_75,0.056988630000000005,0.03690917625,0.031102193437499998,Posterior,Trabecular,75,SUP,180,0
31,0-5,PosteriorTrabecular_SUP_45,0.054403179999999995,0.036241371562500006,0.034355448125,Posterior,Trabecular,45,SUP,180,0
35,0-5,PosteriorCortical_INF_75,0.038979536718750006,0.01379446078125,0.07222600265625,Posterior,Cortical,75,INF,180,0
39,0-5,PosteriorCortical_INF_45,0.038204113125,0.012925971875,0.073869915,Posterior,Cortical,45,INF,180,0
43,0-5,PosteriorTrabecular_INF_75,0.03926833140625,0.0270549696875,0.0586766990625,Posterior,Trabecular,75,INF,180,0
47,0-5,PosteriorTrabecular_INF_45,0.03962392359375,0.027074188281249998,0.058301888125000007,Posterior,Trabecular,45,INF,180,0
51,5-10,PosteriorCortical_STD_75,0.014404086093749999,0.056352235312500006,0.054243678749999996,Posterior,Cortical,75,STD,180,5
55,5-10,PosteriorCortical_STD_45,0.01446944921875,0.049518461562500005,0.06101208921875,Posterior,Cortical,45,STD,180,5
59,5-10,PosteriorTrabecular_STD_75,0.041081964375,0.06329224265625,0.02062579328125,Posterior,Trabecular,75,STD,180,5
63,5-10,PosteriorTrabecular_STD_45,0.04125155015625,0.061434922031250006,0.0223135278125,Posterior,Trabecular,45,STD,180,5
67,5-10,PosteriorCortical_SUP_75,0.017745474375,0.0443123328125,0.0629421928125,Posterior,Cortical,75,SUP,180,5
71,5-10,PosteriorCortical_SUP_45,0.015493268281250002,0.0439538184375,0.06555291328125,Posterior,Cortical,45,SUP,180,5
75,5-10,PosteriorTrabecular_SUP_75,0.053539650468750005,0.05933146031250001,0.012128889375,Posterior,Trabecular,75,SUP,180,5
79,5-10,PosteriorTrabecular_SUP_45,0.05194785406250001,0.05669871093750001,0.01635343453125,Posterior,Trabecular,45,SUP,180,5
83,5-10,PosteriorCortical_INF_75,0.03267300578125,0.009548678125,0.08277831609375,Posterior,Cortical,75,INF,180,5
87,5-10,PosteriorCortical_INF_45,0.030353309843750002,0.01122077671875,0.08342591359375,Posterior,Cortical,45,INF,180,5
91,5-10,PosteriorTrabecular_INF_75,0.03355724828125,0.038765558125,0.05267719390625,Posterior,Trabecular,75,INF,180,5
95,5-10,PosteriorTrabecular_INF_45,0.033088305625,0.039520450312500004,0.05239124421875,Posterior,Trabecular,45,INF,180,5
99,10-15,PosteriorCortical_STD_75,0.014065656875,0.09017137265625,0.020762970468750003,Posterior,Cortical,75,STD,180,10
103,10-15,PosteriorCortical_STD_45,0.014171786874999998,0.0772639628125,0.033564250156249996,Posterior,Cortical,45,STD,180,10
107,10-15,PosteriorTrabecular_STD_75,0.024153861718750003,0.08437314140625,0.01647299734375,Posterior,Trabecular,75,STD,180,10
111,10-15,PosteriorTrabecular_STD_45,0.023466566718749998,0.08300118515625,0.01853224828125,Posterior,Trabecular,45,STD,180,10
115,10-15,PosteriorCortical_SUP_75,0.015351069218750003,0.0658422353125,0.0438066953125,Posterior,Cortical,75,SUP,180,10
119,10-15,PosteriorCortical_SUP_45,0.009002424531249999,0.07048173218749999,0.045515842968750005,Posterior,Cortical,45,SUP,180,10
123,10-15,PosteriorTrabecular_SUP_75,0.037379411875000004,0.076171155,0.01144943296875,Posterior,Trabecular,75,SUP,180,10
127,10-15,PosteriorTrabecular_SUP_45,0.0366974234375,0.07350441640625001,0.01479815984375,Posterior,Trabecular,45,SUP,180,10
131,10-15,PosteriorCortical_INF_75,0.03342494078125,0.019927400468750002,0.07164765875000001,Posterior,Cortical,75,INF,180,10
135,10-15,PosteriorCortical_INF_45,0.029928708750000005,0.021741662499999998,0.07332962890625,Posterior,Cortical,45,INF,180,10
139,10-15,PosteriorTrabecular_INF_75,0.035824897187499996,0.037681885625,0.051493217499999994,Posterior,Trabecular,75,INF,180,10
143,10-15,PosteriorTrabecular_INF_45,0.03543358234375,0.038224120781249996,0.051342296875,Posterior,Trabecular,45,INF,180,10
147,15-20,PosteriorCortical_STD_75,0.0158620428125,0.10491333234375,0.00422462484375,Posterior,Cortical,75,STD,180,15
151,15-20,PosteriorCortical_STD_45,0.011070705468749999,0.10473637953124999,0.009192915000000001,Posterior,Cortical,45,STD,180,15
155,15-20,PosteriorTrabecular_STD_75,0.010159308593750001,0.0968120796875,0.018028611875,Posterior,Trabecular,75,STD,180,15
159,15-20,PosteriorTrabecular_STD_45,0.0095888103125,0.09675432812500001,0.0186568615625,Posterior,Trabecular,45,STD,180,15
163,15-20,PosteriorCortical_SUP_75,0.0131113046875,0.09946456015624999,0.012424135312500001,Posterior,Cortical,75,SUP,180,15
167,15-20,PosteriorCortical_SUP_45,0.00201253375,0.10740213140625,0.015585334843749998,Posterior,Cortical,45,SUP,180,15
171,15-20,PosteriorTrabecular_SUP_75,0.02725835734375,0.0867436725,0.01099797046875,Posterior,Trabecular,75,SUP,180,15
175,15-20,PosteriorTrabecular_SUP_45,0.025945082031250004,0.08583871265625,0.01321620546875,Posterior,Trabecular,45,SUP,180,15
179,15-20,PosteriorCortical_INF_75,0.045960188906250005,0.0326110415625,0.046428769687499996,Posterior,Cortical,75,INF,180,15
183,15-20,PosteriorCortical_INF_45,0.038734331250000004,0.036664759843750006,0.04960090875,Posterior,Cortical,45,INF,180,15
187,15-20,PosteriorTrabecular_INF_75,0.040309887968750006,0.04913264125,0.03555747078125,Posterior,Trabecular,75,INF,180,15
191,15-20,PosteriorTrabecular_INF_45,0.0404555465625,0.049550050312499996,0.03499440328125,Posterior,Trabecular,45,INF,180,15
195,20-25,PosteriorCortical_STD_75,0.00885379140625,0.11612428296875,2.1925625e-05,Posterior,Cortical,75,STD,180,20
199,20-25,PosteriorCortical_STD_45,0.0022013809375,0.122713111875,8.55071875e-05,Posterior,Cortical,45,STD,180,20
203,20-25,PosteriorTrabecular_STD_75,0.0076538414062499996,0.10533601000000001,0.01201014859375,Posterior,Trabecular,75,STD,180,20
207,20-25,PosteriorTrabecular_STD_45,0.00667142921875,0.10644921609375001,0.01187935484375,Posterior,Trabecular,45,STD,180,20
211,20-25,PosteriorCortical_SUP_75,0.00700778578125,0.11799221421875,0.0,Posterior,Cortical,75,SUP,180,20
215,20-25,PosteriorCortical_SUP_45,0.0,0.12220792359375,0.00279207640625,Posterior,Cortical,45,SUP,180,20
219,20-25,PosteriorTrabecular_SUP_75,0.023759476562500003,0.0956074825,0.00563304109375,Posterior,Trabecular,75,SUP,180,20
223,20-25,PosteriorTrabecular_SUP_45,0.02388511671875,0.09519447578125,0.00592040703125,Posterior,Trabecular,45,SUP,180,20
227,20-25,PosteriorCortical_INF_75,0.05247077,0.05552883078125,0.01700039921875,Posterior,Cortical,75,INF,180,20
231,20-25,PosteriorCortical_INF_45,0.0419782265625,0.06329746828125,0.0197243053125,Posterior,Cortical,45,INF,180,20
235,20-25,PosteriorTrabecular_INF_75,0.0374316796875,0.0722684796875,0.0152998403125,Posterior,Trabecular,75,INF,180,20
239,20-25,PosteriorTrabecular_INF_45,0.0374976434375,0.0733544684375,0.014147888281250002,Posterior,Trabecular,45,INF,180,20
243,25-30,PosteriorCortical_STD_75,0.0004349678125,0.12456503218750001,0.0,Posterior,Cortical,75,STD,180,25
247,25-30,PosteriorCortical_STD_45,3.928296875e-05,0.12496071703125002,0.0,Posterior,Cortical,45,STD,180,25
251,25-30,PosteriorTrabecular_STD_75,0.00920848578125,0.10388604890625,0.01190546515625,Posterior,Trabecular,75,STD,180,25
255,25-30,PosteriorTrabecular_STD_45,0.00939831421875,0.10393073875000002,0.011670947031250002,Posterior,Trabecular,45,STD,180,25
259,25-30,PosteriorCortical_SUP_75,0.00042201171874999997,0.12457798828125001,0.0,Posterior,Cortical,75,SUP,180,25
263,25-30,PosteriorCortical_SUP_45,0.0,0.125,0.0,Posterior,Cortical,45,SUP,180,25
267,25-30,PosteriorTrabecular_SUP_75,0.028918125312499997,0.0904897721875,0.0055921025000000004,Posterior,Trabecular,75,SUP,180,25
271,25-30,PosteriorTrabecular_SUP_45,0.03131737953125,0.08946649203125,0.00421612859375,Posterior,Trabecular,45,SUP,180,25
275,25-30,PosteriorCortical_INF_75,0.04825028515625,0.07615248656250001,0.000597228125,Posterior,Cortical,75,INF,180,25
279,25-30,PosteriorCortical_INF_45,0.03833298734375,0.08652610171875001,0.0001409109375,Posterior,Cortical,45,INF,180,25
283,25-30,PosteriorTrabecular_INF_75,0.0344380359375,0.08173234359375,0.00882962046875,Posterior,Trabecular,75,INF,180,25
287,25-30,PosteriorTrabecular_INF_45,0.032776445937499996,0.08365229046875002,0.008571263593750001,Posterior,Trabecular,45,INF,180,25
291,30-35,PosteriorCortical_STD_75,0.0,0.125,0.0,Posterior,Cortical,75,STD,180,30
295,30-35,PosteriorCortical_STD_45,0.0,0.125,0.0,Posterior,Cortical,45,STD,180,30
299,30-35,PosteriorTrabecular_STD_75,0.01770500203125,0.0927207625,0.01457423515625,Posterior,Trabecular,75,STD,180,30
303,30-35,PosteriorTrabecular_STD_45,0.017993760625,0.09298646015624999,0.014019779375,Posterior,Trabecular,45,STD,180,30
307,30-35,PosteriorCortical_SUP_75,0.0,0.125,0.0,Posterior,Cortical,75,SUP,180,30
311,30-35,PosteriorCortical_SUP_45,0.0,0.125,0.0,Posterior,Cortical,45,SUP,180,30
315,30-35,PosteriorTrabecular_SUP_75,0.0476357540625,0.07120175265625,0.0061624932812500005,Posterior,Trabecular,75,SUP,180,30
319,30-35,PosteriorTrabecular_SUP_45,0.0492159034375,0.0705450253125,0.0052390709375,Posterior,Trabecular,45,SUP,180,30
323,30-35,PosteriorCortical_INF_75,0.01668288546875,0.10831711453125,0.0,Posterior,Cortical,75,INF,180,30
327,30-35,PosteriorCortical_INF_45,0.010569366718749999,0.11443063328125,0.0,Posterior,Cortical,45,INF,180,30
331,30-35,PosteriorTrabecular_INF_75,0.04060952046875,0.070687290625,0.013703189062500001,Posterior,Trabecular,75,INF,180,30
335,30-35,PosteriorTrabecular_INF_45,0.03859752875,0.07378648328125001,0.01261598796875,Posterior,Trabecular,45,INF,180,30
339,35-40,PosteriorCortical_STD_75,0.0,0.125,0.0,Posterior,Cortical,75,STD,180,35
343,35-40,PosteriorCortical_STD_45,0.0,0.125,0.0,Posterior,Cortical,45,STD,180,35
347,35-40,PosteriorTrabecular_STD_75,0.03685634421875,0.07454648015625,0.01359717546875,Posterior,Trabecular,75,STD,180,35
351,35-40,PosteriorTrabecular_STD_45,0.0330027953125,0.07843584890625,0.0135613559375,Posterior,Trabecular,45,STD,180,35
355,35-40,PosteriorCortical_SUP_75,0.0,0.125,0.0,Posterior,Cortical,75,SUP,180,35
359,35-40,PosteriorCortical_SUP_45,0.0,0.125,0.0,Posterior,Cortical,45,SUP,180,35
363,35-40,PosteriorTrabecular_SUP_75,0.0486435559375,0.065705366875,0.0106510771875,Posterior,Trabecular,75,SUP,180,35
367,35-40,PosteriorTrabecular_SUP_45,0.04718651609375,0.06768070250000001,0.0101327815625,Posterior,Trabecular,45,SUP,180,35
371,35-40,PosteriorCortical_INF_75,0.00106249390625,0.12393750609375001,0.0,Posterior,Cortical,75,INF,180,35
375,35-40,PosteriorCortical_INF_45,0.00019167296875,0.12480832703125,0.0,Posterior,Cortical,45,INF,180,35
379,35-40,PosteriorTrabecular_INF_75,0.058726995781250006,0.0538144121875,0.01245859234375,Posterior,Trabecular,75,INF,180,35
383,35-40,PosteriorTrabecular_INF_45,0.05657936640625,0.056402481093750005,0.012018152499999999,Posterior,Trabecular,45,INF,180,35
0,0-5,MedialCortical_STD_75,0.000357380625,0.06554268265625,0.05909993671875,Medial,Cortical,75,STD,270,0
4,0-5,MedialCortical_STD_45,0.000672515625,0.071237344375,0.05309013984375,Medial,Cortical,45,STD,270,0
8,0-5,MedialTrabecular_STD_75,0.00411927234375,0.060433483593750004,0.060447243906249996,Medial,Trabecular,75,STD,270,0
12,0-5,MedialTrabecular_STD_45,0.00610741078125,0.07086274953125,0.04802983953125,Medial,Trabecular,45,STD,270,0
16,0-5,MedialCortical_SUP_75,0.0044033603125,0.03345580375,0.08714083593750001,Medial,Cortical,75,SUP,270,0
20,0-5,MedialCortical_SUP_45,0.0043389971875,0.03571193984375,0.08494906328125,Medial,Cortical,45,SUP,270,0
24,0-5,MedialTrabecular_SUP_75,0.03399193390625,0.0352112703125,0.055796795625,Medial,Trabecular,75,SUP,270,0
28,0-5,MedialTrabecular_SUP_45,0.03379408640625,0.0357076728125,0.05549824078125,Medial,Trabecular,45,SUP,270,0
32,0-5,MedialCortical_INF_75,0.00416598484375,0.029330686249999998,0.09150332875,Medial,Cortical,75,INF,270,0
36,0-5,MedialCortical_INF_45,0.00416405703125,0.030960755625,0.0898751871875,Medial,Cortical,45,INF,270,0
40,0-5,MedialTrabecular_INF_75,0.01684664734375,0.04014481234375,0.06800854015625,Medial,Trabecular,75,INF,270,0
44,0-5,MedialTrabecular_INF_45,0.019007299375,0.04379206734375,0.06220063343750001,Medial,Trabecular,45,INF,270,0
48,5-10,MedialCortical_STD_75,0.0041702971875,0.078472659375,0.042357043593750004,Medial,Cortical,75,STD,270,5
52,5-10,MedialCortical_STD_45,0.00610923828125,0.07753416421875,0.0413565975,Medial,Cortical,45,STD,270,5
56,5-10,MedialTrabecular_STD_75,0.00881234875,0.0771467559375,0.03904089546875,Medial,Trabecular,75,STD,270,5
60,5-10,MedialTrabecular_STD_45,0.01087958515625,0.07758968796875,0.036530726875,Medial,Trabecular,45,STD,270,5
64,5-10,MedialCortical_SUP_75,0.0022981842187500003,0.053323529687499996,0.06937828609375,Medial,Cortical,75,SUP,270,5
68,5-10,MedialCortical_SUP_45,0.00300848296875,0.05783239640625,0.06415912062500001,Medial,Cortical,45,SUP,270,5
72,5-10,MedialTrabecular_SUP_75,0.04371132234375,0.05689526296875,0.0243934153125,Medial,Trabecular,75,SUP,270,5
76,5-10,MedialTrabecular_SUP_45,0.04384772875,0.05700535,0.02414692140625,Medial,Trabecular,45,SUP,270,5
80,5-10,MedialCortical_INF_75,0.016018708125,0.046938074531250006,0.062043217187500006,Medial,Cortical,75,INF,270,5
84,5-10,MedialCortical_INF_45,0.01541384640625,0.04951434156250001,0.06007181203125,Medial,Cortical,45,INF,270,5
88,5-10,MedialTrabecular_INF_75,0.0377679025,0.05198497140625,0.03524712625,Medial,Trabecular,75,INF,270,5
92,5-10,MedialTrabecular_INF_45,0.03753648359375,0.053779845156250006,0.0336836709375,Medial,Trabecular,45,INF,270,5
96,10-15,MedialCortical_STD_75,0.01379487671875,0.09318455765625,0.01802056546875,Medial,Cortical,75,STD,270,10
100,10-15,MedialCortical_STD_45,0.018592307500000002,0.086674310625,0.019733382031250003,Medial,Cortical,45,STD,270,10
104,10-15,MedialTrabecular_STD_75,0.04339507796875,0.0633323096875,0.01827261203125,Medial,Trabecular,75,STD,270,10
108,10-15,MedialTrabecular_STD_45,0.0421516325,0.06308485281250001,0.01976351484375,Medial,Trabecular,45,STD,270,10
112,10-15,MedialCortical_SUP_75,0.0060458440625,0.08125407593749999,0.0377000796875,Medial,Cortical,75,SUP,270,10
116,10-15,MedialCortical_SUP_45,0.00931669671875,0.0842979165625,0.031385386875,Medial,Cortical,45,SUP,270,10
120,10-15,MedialTrabecular_SUP_75,0.05908501453125,0.0561944559375,0.00972053,Medial,Trabecular,75,SUP,270,10
124,10-15,MedialTrabecular_SUP_45,0.05927433640625,0.0553857184375,0.010339945156249999,Medial,Trabecular,45,SUP,270,10
128,10-15,MedialCortical_INF_75,0.03327303484375,0.06656545484375,0.025161510312500003,Medial,Cortical,75,INF,270,10
132,10-15,MedialCortical_INF_45,0.03685923015625,0.06684667171875001,0.021294097968750002,Medial,Cortical,45,INF,270,10
136,10-15,MedialTrabecular_INF_75,0.0787461640625,0.0378429028125,0.00841093296875,Medial,Trabecular,75,INF,270,10
140,10-15,MedialTrabecular_INF_45,0.0768332090625,0.03830239390625,0.0098643975,Medial,Trabecular,45,INF,270,10
144,15-20,MedialCortical_STD_75,0.02087819203125,0.09995733859375001,0.0041644690625000005,Medial,Cortical,75,STD,270,15
148,15-20,MedialCortical_STD_45,0.020423978125,0.10095149171875001,0.00362453046875,Medial,Cortical,45,STD,270,15
152,15-20,MedialTrabecular_STD_75,0.067886608125,0.045130015781250005,0.01198337625,Medial,Trabecular,75,STD,270,15
156,15-20,MedialTrabecular_STD_45,0.06454110609375001,0.0478190421875,0.012639851875000002,Medial,Trabecular,45,STD,270,15
160,15-20,MedialCortical_SUP_75,0.014985903281250003,0.09784839312500002,0.01216570328125,Medial,Cortical,75,SUP,270,15
164,15-20,MedialCortical_SUP_45,0.01615803,0.09922621125000002,0.00961575859375,Medial,Cortical,45,SUP,270,15
168,15-20,MedialTrabecular_SUP_75,0.0577427365625,0.05851937125,0.008737892187499999,Medial,Trabecular,75,SUP,270,15
172,15-20,MedialTrabecular_SUP_45,0.056726177968750006,0.059283394843750004,0.0089904271875,Medial,Trabecular,45,SUP,270,15
176,15-20,MedialCortical_INF_75,0.0410417765625,0.07472475890625,0.009233464218750001,Medial,Cortical,75,INF,270,15
180,15-20,MedialCortical_INF_45,0.043114485,0.07541477359375,0.00647074109375,Medial,Cortical,45,INF,270,15
184,15-20,MedialTrabecular_INF_75,0.0972042325,0.0240431896875,0.0037525775,Medial,Trabecular,75,INF,270,15
188,15-20,MedialTrabecular_INF_45,0.09425887937500001,0.026345787500000002,0.004395333125,Medial,Trabecular,45,INF,270,15
192,20-25,MedialCortical_STD_75,0.008838235625,0.116161764375,0.0,Medial,Cortical,75,STD,270,20
196,20-25,MedialCortical_STD_45,0.00892833671875,0.11607166328125,0.0,Medial,Cortical,45,STD,270,20
200,20-25,MedialTrabecular_STD_75,0.0753400440625,0.04287890156250001,0.0067810545312500005,Medial,Trabecular,75,STD,270,20
204,20-25,MedialTrabecular_STD_45,0.07125917796875,0.046467379687500004,0.0072734425,Medial,Trabecular,45,STD,270,20
208,20-25,MedialCortical_SUP_75,0.010397372656249999,0.1118122834375,0.0027903440624999997,Medial,Cortical,75,SUP,270,20
212,20-25,MedialCortical_SUP_45,0.010086108750000001,0.11262949718750001,0.0022843939062500004,Medial,Cortical,45,SUP,270,20
216,20-25,MedialTrabecular_SUP_75,0.056778928124999996,0.05844629859375,0.00977477328125,Medial,Trabecular,75,SUP,270,20
220,20-25,MedialTrabecular_SUP_45,0.05439544390625001,0.060513760156250006,0.010090795625,Medial,Trabecular,45,SUP,270,20
224,20-25,MedialCortical_INF_75,0.02172812515625,0.1010450403125,0.0022268346875,Medial,Cortical,75,INF,270,20
228,20-25,MedialCortical_INF_45,0.02368816828125,0.0990005065625,0.0023113251562500003,Medial,Cortical,45,INF,270,20
232,20-25,MedialTrabecular_INF_75,0.10128801890625001,0.022254499687500002,0.0014574812500000001,Medial,Trabecular,75,INF,270,20
236,20-25,MedialTrabecular_INF_45,0.0972973990625,0.02557643421875,0.002126166875,Medial,Trabecular,45,INF,270,20
240,25-30,MedialCortical_STD_75,0.0002087290625,0.1247912709375,0.0,Medial,Cortical,75,STD,270,25
244,25-30,MedialCortical_STD_45,0.001833485,0.123166515,0.0,Medial,Cortical,45,STD,270,25
248,25-30,MedialTrabecular_STD_75,0.07293828421875001,0.04777596765625,0.00428574859375,Medial,Trabecular,75,STD,270,25
252,25-30,MedialTrabecular_STD_45,0.06836851390625,0.05178079578125,0.0048506903125,Medial,Trabecular,45,STD,270,25
256,25-30,MedialCortical_SUP_75,0.0004432225,0.12449613171875001,6.064578125e-05,Medial,Cortical,75,SUP,270,25
260,25-30,MedialCortical_SUP_45,0.00142317046875,0.12357682953125,0.0,Medial,Cortical,45,SUP,270,25
264,25-30,MedialTrabecular_SUP_75,0.0433724378125,0.06673098234375,0.0148965796875,Medial,Trabecular,75,SUP,270,25
268,25-30,MedialTrabecular_SUP_45,0.03940733078125,0.07083150484375,0.014761164531249999,Medial,Trabecular,45,SUP,270,25
272,25-30,MedialCortical_INF_75,0.00344613609375,0.1212025,0.00035136390625,Medial,Cortical,75,INF,270,25
276,25-30,MedialCortical_INF_45,0.005497410937500001,0.11937978890625,0.00012280015625,Medial,Cortical,45,INF,270,25
280,25-30,MedialTrabecular_INF_75,0.09755347171875,0.02559910359375,0.001847425,Medial,Trabecular,75,INF,270,25
284,25-30,MedialTrabecular_INF_45,0.09278487453124999,0.03025783578125,0.0019572892187500004,Medial,Trabecular,45,INF,270,25
288,30-35,MedialCortical_STD_75,0.0,0.125,0.0,Medial,Cortical,75,STD,270,30
292,30-35,MedialCortical_STD_45,0.0,0.125,0.0,Medial,Cortical,45,STD,270,30
296,30-35,MedialTrabecular_STD_75,0.0725930703125,0.050028051093750005,0.00237887875,Medial,Trabecular,75,STD,270,30
300,30-35,MedialTrabecular_STD_45,0.06823520578125,0.05377662734375,0.0029881671875,Medial,Trabecular,45,STD,270,30
304,30-35,MedialCortical_SUP_75,0.0,0.125,0.0,Medial,Cortical,75,SUP,270,30
308,30-35,MedialCortical_SUP_45,0.0,0.125,0.0,Medial,Cortical,45,SUP,270,30
312,30-35,MedialTrabecular_SUP_75,0.03639425390625,0.0720043878125,0.01660135828125,Medial,Trabecular,75,SUP,270,30
316,30-35,MedialTrabecular_SUP_45,0.03197192953125,0.07514546531249999,0.01788260484375,Medial,Trabecular,45,SUP,270,30
320,30-35,MedialCortical_INF_75,0.0,0.125,0.0,Medial,Cortical,75,INF,270,30
324,30-35,MedialCortical_INF_45,1.943328125e-05,0.12498056671875,0.0,Medial,Cortical,45,INF,270,30
328,30-35,MedialTrabecular_INF_75,0.09097115718750001,0.032843829375,0.0011850134375,Medial,Trabecular,75,INF,270,30
332,30-35,MedialTrabecular_INF_45,0.0882052740625,0.035637924531250004,0.00115680140625,Medial,Trabecular,45,INF,270,30
336,35-40,MedialCortical_STD_75,0.0,0.125,0.0,Medial,Cortical,75,STD,270,35
340,35-40,MedialCortical_STD_45,0.0,0.125,0.0,Medial,Cortical,45,STD,270,35
344,35-40,MedialTrabecular_STD_75,0.07530725218749999,0.048828201875000005,0.0008645460937500001,Medial,Trabecular,75,STD,270,35
348,35-40,MedialTrabecular_STD_45,0.0731766328125,0.0508850571875,0.0009383101562500001,Medial,Trabecular,45,STD,270,35
352,35-40,MedialCortical_SUP_75,0.0,0.125,0.0,Medial,Cortical,75,SUP,270,35
356,35-40,MedialCortical_SUP_45,0.0,0.125,0.0,Medial,Cortical,45,SUP,270,35
360,35-40,MedialTrabecular_SUP_75,0.04788950609375,0.062230319062500004,0.014880174843750003,Medial,Trabecular,75,SUP,270,35
364,35-40,MedialTrabecular_SUP_45,0.04392506671875,0.0654781796875,0.0155967540625,Medial,Trabecular,45,SUP,270,35
368,35-40,MedialCortical_INF_75,0.0,0.125,0.0,Medial,Cortical,75,INF,270,35
372,35-40,MedialCortical_INF_45,0.0,0.125,0.0,Medial,Cortical,45,INF,270,35
376,35-40,MedialTrabecular_INF_75,0.0865567515625,0.03774516,0.000698088125,Medial,Trabecular,75,INF,270,35
380,35-40,MedialTrabecular_INF_45,0.08523663156250001,0.0390170578125,0.000746310625,Medial,Trabecular,45,INF,270,35
